{
  "min_lat": -9.385479,
  "max_lat": -7.348788,
  "min_long": 38.837502,
  "max_long": 41.3982
}
